,Year,Country,Win,Total_wins
0,1903,Denmark,0,0
1,1903,Slovenia,0,0
2,1903,Colombia,0,0
3,1903,United Kingdom,0,0
4,1903,Italy,0,0
5,1903,Australia,0,0
6,1903,Luxembourg,0,0
7,1903,Spain,0,0
8,1903,USA,0,0
9,1903,Germany,0,0
10,1903,Ireland,0,0
11,1903,France,1,1
12,1903,Netherlands,0,0
13,1903,Belgium,0,0
14,1903,Switzerland,0,0
15,1904,Denmark,0,0
16,1904,Slovenia,0,0
17,1904,Colombia,0,0
18,1904,United Kingdom,0,0
19,1904,Italy,0,0
20,1904,Australia,0,0
21,1904,Luxembourg,0,0
22,1904,Spain,0,0
23,1904,USA,0,0
24,1904,Germany,0,0
25,1904,Ireland,0,0
26,1904,France,1,2
27,1904,Netherlands,0,0
28,1904,Belgium,0,0
29,1904,Switzerland,0,0
30,1905,Denmark,0,0
31,1905,Slovenia,0,0
32,1905,Colombia,0,0
33,1905,United Kingdom,0,0
34,1905,Italy,0,0
35,1905,Australia,0,0
36,1905,Luxembourg,0,0
37,1905,Spain,0,0
38,1905,USA,0,0
39,1905,Germany,0,0
40,1905,Ireland,0,0
41,1905,France,1,3
42,1905,Netherlands,0,0
43,1905,Belgium,0,0
44,1905,Switzerland,0,0
45,1906,Denmark,0,0
46,1906,Slovenia,0,0
47,1906,Colombia,0,0
48,1906,United Kingdom,0,0
49,1906,Italy,0,0
50,1906,Australia,0,0
51,1906,Luxembourg,0,0
52,1906,Spain,0,0
53,1906,USA,0,0
54,1906,Germany,0,0
55,1906,Ireland,0,0
56,1906,France,1,4
57,1906,Netherlands,0,0
58,1906,Belgium,0,0
59,1906,Switzerland,0,0
60,1907,Denmark,0,0
61,1907,Slovenia,0,0
62,1907,Colombia,0,0
63,1907,United Kingdom,0,0
64,1907,Italy,0,0
65,1907,Australia,0,0
66,1907,Luxembourg,0,0
67,1907,Spain,0,0
68,1907,USA,0,0
69,1907,Germany,0,0
70,1907,Ireland,0,0
71,1907,France,1,5
72,1907,Netherlands,0,0
73,1907,Belgium,0,0
74,1907,Switzerland,0,0
75,1908,Denmark,0,0
76,1908,Slovenia,0,0
77,1908,Colombia,0,0
78,1908,United Kingdom,0,0
79,1908,Italy,0,0
80,1908,Australia,0,0
81,1908,Luxembourg,0,0
82,1908,Spain,0,0
83,1908,USA,0,0
84,1908,Germany,0,0
85,1908,Ireland,0,0
86,1908,France,1,6
87,1908,Netherlands,0,0
88,1908,Belgium,0,0
89,1908,Switzerland,0,0
90,1909,Denmark,0,0
91,1909,Slovenia,0,0
92,1909,Colombia,0,0
93,1909,United Kingdom,0,0
94,1909,Italy,0,0
95,1909,Australia,0,0
96,1909,Luxembourg,1,1
97,1909,Spain,0,0
98,1909,USA,0,0
99,1909,Germany,0,0
100,1909,Ireland,0,0
101,1909,France,0,6
102,1909,Netherlands,0,0
103,1909,Belgium,0,0
104,1909,Switzerland,0,0
105,1910,Denmark,0,0
106,1910,Slovenia,0,0
107,1910,Colombia,0,0
108,1910,United Kingdom,0,0
109,1910,Italy,0,0
110,1910,Australia,0,0
111,1910,Luxembourg,0,1
112,1910,Spain,0,0
113,1910,USA,0,0
114,1910,Germany,0,0
115,1910,Ireland,0,0
116,1910,France,1,7
117,1910,Netherlands,0,0
118,1910,Belgium,0,0
119,1910,Switzerland,0,0
120,1911,Denmark,0,0
121,1911,Slovenia,0,0
122,1911,Colombia,0,0
123,1911,United Kingdom,0,0
124,1911,Italy,0,0
125,1911,Australia,0,0
126,1911,Luxembourg,0,1
127,1911,Spain,0,0
128,1911,USA,0,0
129,1911,Germany,0,0
130,1911,Ireland,0,0
131,1911,France,1,8
132,1911,Netherlands,0,0
133,1911,Belgium,0,0
134,1911,Switzerland,0,0
135,1912,Denmark,0,0
136,1912,Slovenia,0,0
137,1912,Colombia,0,0
138,1912,United Kingdom,0,0
139,1912,Italy,0,0
140,1912,Australia,0,0
141,1912,Luxembourg,0,1
142,1912,Spain,0,0
143,1912,USA,0,0
144,1912,Germany,0,0
145,1912,Ireland,0,0
146,1912,France,0,8
147,1912,Netherlands,0,0
148,1912,Belgium,1,1
149,1912,Switzerland,0,0
150,1913,Denmark,0,0
151,1913,Slovenia,0,0
152,1913,Colombia,0,0
153,1913,United Kingdom,0,0
154,1913,Italy,0,0
155,1913,Australia,0,0
156,1913,Luxembourg,0,1
157,1913,Spain,0,0
158,1913,USA,0,0
159,1913,Germany,0,0
160,1913,Ireland,0,0
161,1913,France,0,8
162,1913,Netherlands,0,0
163,1913,Belgium,1,2
164,1913,Switzerland,0,0
165,1914,Denmark,0,0
166,1914,Slovenia,0,0
167,1914,Colombia,0,0
168,1914,United Kingdom,0,0
169,1914,Italy,0,0
170,1914,Australia,0,0
171,1914,Luxembourg,0,1
172,1914,Spain,0,0
173,1914,USA,0,0
174,1914,Germany,0,0
175,1914,Ireland,0,0
176,1914,France,0,8
177,1914,Netherlands,0,0
178,1914,Belgium,1,3
179,1914,Switzerland,0,0
180,1919,Denmark,0,0
181,1919,Slovenia,0,0
182,1919,Colombia,0,0
183,1919,United Kingdom,0,0
184,1919,Italy,0,0
185,1919,Australia,0,0
186,1919,Luxembourg,0,1
187,1919,Spain,0,0
188,1919,USA,0,0
189,1919,Germany,0,0
190,1919,Ireland,0,0
191,1919,France,0,8
192,1919,Netherlands,0,0
193,1919,Belgium,1,4
194,1919,Switzerland,0,0
195,1920,Denmark,0,0
196,1920,Slovenia,0,0
197,1920,Colombia,0,0
198,1920,United Kingdom,0,0
199,1920,Italy,0,0
200,1920,Australia,0,0
201,1920,Luxembourg,0,1
202,1920,Spain,0,0
203,1920,USA,0,0
204,1920,Germany,0,0
205,1920,Ireland,0,0
206,1920,France,0,8
207,1920,Netherlands,0,0
208,1920,Belgium,1,5
209,1920,Switzerland,0,0
210,1921,Denmark,0,0
211,1921,Slovenia,0,0
212,1921,Colombia,0,0
213,1921,United Kingdom,0,0
214,1921,Italy,0,0
215,1921,Australia,0,0
216,1921,Luxembourg,0,1
217,1921,Spain,0,0
218,1921,USA,0,0
219,1921,Germany,0,0
220,1921,Ireland,0,0
221,1921,France,0,8
222,1921,Netherlands,0,0
223,1921,Belgium,1,6
224,1921,Switzerland,0,0
225,1922,Denmark,0,0
226,1922,Slovenia,0,0
227,1922,Colombia,0,0
228,1922,United Kingdom,0,0
229,1922,Italy,0,0
230,1922,Australia,0,0
231,1922,Luxembourg,0,1
232,1922,Spain,0,0
233,1922,USA,0,0
234,1922,Germany,0,0
235,1922,Ireland,0,0
236,1922,France,0,8
237,1922,Netherlands,0,0
238,1922,Belgium,1,7
239,1922,Switzerland,0,0
240,1923,Denmark,0,0
241,1923,Slovenia,0,0
242,1923,Colombia,0,0
243,1923,United Kingdom,0,0
244,1923,Italy,0,0
245,1923,Australia,0,0
246,1923,Luxembourg,0,1
247,1923,Spain,0,0
248,1923,USA,0,0
249,1923,Germany,0,0
250,1923,Ireland,0,0
251,1923,France,1,9
252,1923,Netherlands,0,0
253,1923,Belgium,0,7
254,1923,Switzerland,0,0
255,1924,Denmark,0,0
256,1924,Slovenia,0,0
257,1924,Colombia,0,0
258,1924,United Kingdom,0,0
259,1924,Italy,1,1
260,1924,Australia,0,0
261,1924,Luxembourg,0,1
262,1924,Spain,0,0
263,1924,USA,0,0
264,1924,Germany,0,0
265,1924,Ireland,0,0
266,1924,France,0,9
267,1924,Netherlands,0,0
268,1924,Belgium,0,7
269,1924,Switzerland,0,0
270,1925,Denmark,0,0
271,1925,Slovenia,0,0
272,1925,Colombia,0,0
273,1925,United Kingdom,0,0
274,1925,Italy,1,2
275,1925,Australia,0,0
276,1925,Luxembourg,0,1
277,1925,Spain,0,0
278,1925,USA,0,0
279,1925,Germany,0,0
280,1925,Ireland,0,0
281,1925,France,0,9
282,1925,Netherlands,0,0
283,1925,Belgium,0,7
284,1925,Switzerland,0,0
285,1926,Denmark,0,0
286,1926,Slovenia,0,0
287,1926,Colombia,0,0
288,1926,United Kingdom,0,0
289,1926,Italy,0,2
290,1926,Australia,0,0
291,1926,Luxembourg,0,1
292,1926,Spain,0,0
293,1926,USA,0,0
294,1926,Germany,0,0
295,1926,Ireland,0,0
296,1926,France,0,9
297,1926,Netherlands,0,0
298,1926,Belgium,1,8
299,1926,Switzerland,0,0
300,1927,Denmark,0,0
301,1927,Slovenia,0,0
302,1927,Colombia,0,0
303,1927,United Kingdom,0,0
304,1927,Italy,0,2
305,1927,Australia,0,0
306,1927,Luxembourg,1,2
307,1927,Spain,0,0
308,1927,USA,0,0
309,1927,Germany,0,0
310,1927,Ireland,0,0
311,1927,France,0,9
312,1927,Netherlands,0,0
313,1927,Belgium,0,8
314,1927,Switzerland,0,0
315,1928,Denmark,0,0
316,1928,Slovenia,0,0
317,1928,Colombia,0,0
318,1928,United Kingdom,0,0
319,1928,Italy,0,2
320,1928,Australia,0,0
321,1928,Luxembourg,1,3
322,1928,Spain,0,0
323,1928,USA,0,0
324,1928,Germany,0,0
325,1928,Ireland,0,0
326,1928,France,0,9
327,1928,Netherlands,0,0
328,1928,Belgium,0,8
329,1928,Switzerland,0,0
330,1929,Denmark,0,0
331,1929,Slovenia,0,0
332,1929,Colombia,0,0
333,1929,United Kingdom,0,0
334,1929,Italy,0,2
335,1929,Australia,0,0
336,1929,Luxembourg,0,3
337,1929,Spain,0,0
338,1929,USA,0,0
339,1929,Germany,0,0
340,1929,Ireland,0,0
341,1929,France,0,9
342,1929,Netherlands,0,0
343,1929,Belgium,1,9
344,1929,Switzerland,0,0
345,1930,Denmark,0,0
346,1930,Slovenia,0,0
347,1930,Colombia,0,0
348,1930,United Kingdom,0,0
349,1930,Italy,0,2
350,1930,Australia,0,0
351,1930,Luxembourg,0,3
352,1930,Spain,0,0
353,1930,USA,0,0
354,1930,Germany,0,0
355,1930,Ireland,0,0
356,1930,France,1,10
357,1930,Netherlands,0,0
358,1930,Belgium,0,9
359,1930,Switzerland,0,0
360,1931,Denmark,0,0
361,1931,Slovenia,0,0
362,1931,Colombia,0,0
363,1931,United Kingdom,0,0
364,1931,Italy,0,2
365,1931,Australia,0,0
366,1931,Luxembourg,0,3
367,1931,Spain,0,0
368,1931,USA,0,0
369,1931,Germany,0,0
370,1931,Ireland,0,0
371,1931,France,1,11
372,1931,Netherlands,0,0
373,1931,Belgium,0,9
374,1931,Switzerland,0,0
375,1932,Denmark,0,0
376,1932,Slovenia,0,0
377,1932,Colombia,0,0
378,1932,United Kingdom,0,0
379,1932,Italy,0,2
380,1932,Australia,0,0
381,1932,Luxembourg,0,3
382,1932,Spain,0,0
383,1932,USA,0,0
384,1932,Germany,0,0
385,1932,Ireland,0,0
386,1932,France,1,12
387,1932,Netherlands,0,0
388,1932,Belgium,0,9
389,1932,Switzerland,0,0
390,1933,Denmark,0,0
391,1933,Slovenia,0,0
392,1933,Colombia,0,0
393,1933,United Kingdom,0,0
394,1933,Italy,0,2
395,1933,Australia,0,0
396,1933,Luxembourg,0,3
397,1933,Spain,0,0
398,1933,USA,0,0
399,1933,Germany,0,0
400,1933,Ireland,0,0
401,1933,France,1,13
402,1933,Netherlands,0,0
403,1933,Belgium,0,9
404,1933,Switzerland,0,0
405,1934,Denmark,0,0
406,1934,Slovenia,0,0
407,1934,Colombia,0,0
408,1934,United Kingdom,0,0
409,1934,Italy,0,2
410,1934,Australia,0,0
411,1934,Luxembourg,0,3
412,1934,Spain,0,0
413,1934,USA,0,0
414,1934,Germany,0,0
415,1934,Ireland,0,0
416,1934,France,1,14
417,1934,Netherlands,0,0
418,1934,Belgium,0,9
419,1934,Switzerland,0,0
420,1935,Denmark,0,0
421,1935,Slovenia,0,0
422,1935,Colombia,0,0
423,1935,United Kingdom,0,0
424,1935,Italy,0,2
425,1935,Australia,0,0
426,1935,Luxembourg,0,3
427,1935,Spain,0,0
428,1935,USA,0,0
429,1935,Germany,0,0
430,1935,Ireland,0,0
431,1935,France,0,14
432,1935,Netherlands,0,0
433,1935,Belgium,1,10
434,1935,Switzerland,0,0
435,1936,Denmark,0,0
436,1936,Slovenia,0,0
437,1936,Colombia,0,0
438,1936,United Kingdom,0,0
439,1936,Italy,0,2
440,1936,Australia,0,0
441,1936,Luxembourg,0,3
442,1936,Spain,0,0
443,1936,USA,0,0
444,1936,Germany,0,0
445,1936,Ireland,0,0
446,1936,France,0,14
447,1936,Netherlands,0,0
448,1936,Belgium,1,11
449,1936,Switzerland,0,0
450,1937,Denmark,0,0
451,1937,Slovenia,0,0
452,1937,Colombia,0,0
453,1937,United Kingdom,0,0
454,1937,Italy,0,2
455,1937,Australia,0,0
456,1937,Luxembourg,0,3
457,1937,Spain,0,0
458,1937,USA,0,0
459,1937,Germany,0,0
460,1937,Ireland,0,0
461,1937,France,1,15
462,1937,Netherlands,0,0
463,1937,Belgium,0,11
464,1937,Switzerland,0,0
465,1938,Denmark,0,0
466,1938,Slovenia,0,0
467,1938,Colombia,0,0
468,1938,United Kingdom,0,0
469,1938,Italy,1,3
470,1938,Australia,0,0
471,1938,Luxembourg,0,3
472,1938,Spain,0,0
473,1938,USA,0,0
474,1938,Germany,0,0
475,1938,Ireland,0,0
476,1938,France,0,15
477,1938,Netherlands,0,0
478,1938,Belgium,0,11
479,1938,Switzerland,0,0
480,1939,Denmark,0,0
481,1939,Slovenia,0,0
482,1939,Colombia,0,0
483,1939,United Kingdom,0,0
484,1939,Italy,0,3
485,1939,Australia,0,0
486,1939,Luxembourg,0,3
487,1939,Spain,0,0
488,1939,USA,0,0
489,1939,Germany,0,0
490,1939,Ireland,0,0
491,1939,France,0,15
492,1939,Netherlands,0,0
493,1939,Belgium,1,12
494,1939,Switzerland,0,0
495,1947,Denmark,0,0
496,1947,Slovenia,0,0
497,1947,Colombia,0,0
498,1947,United Kingdom,0,0
499,1947,Italy,0,3
500,1947,Australia,0,0
501,1947,Luxembourg,0,3
502,1947,Spain,0,0
503,1947,USA,0,0
504,1947,Germany,0,0
505,1947,Ireland,0,0
506,1947,France,1,16
507,1947,Netherlands,0,0
508,1947,Belgium,0,12
509,1947,Switzerland,0,0
510,1948,Denmark,0,0
511,1948,Slovenia,0,0
512,1948,Colombia,0,0
513,1948,United Kingdom,0,0
514,1948,Italy,1,4
515,1948,Australia,0,0
516,1948,Luxembourg,0,3
517,1948,Spain,0,0
518,1948,USA,0,0
519,1948,Germany,0,0
520,1948,Ireland,0,0
521,1948,France,0,16
522,1948,Netherlands,0,0
523,1948,Belgium,0,12
524,1948,Switzerland,0,0
525,1949,Denmark,0,0
526,1949,Slovenia,0,0
527,1949,Colombia,0,0
528,1949,United Kingdom,0,0
529,1949,Italy,1,5
530,1949,Australia,0,0
531,1949,Luxembourg,0,3
532,1949,Spain,0,0
533,1949,USA,0,0
534,1949,Germany,0,0
535,1949,Ireland,0,0
536,1949,France,0,16
537,1949,Netherlands,0,0
538,1949,Belgium,0,12
539,1949,Switzerland,0,0
540,1950,Denmark,0,0
541,1950,Slovenia,0,0
542,1950,Colombia,0,0
543,1950,United Kingdom,0,0
544,1950,Italy,0,5
545,1950,Australia,0,0
546,1950,Luxembourg,0,3
547,1950,Spain,0,0
548,1950,USA,0,0
549,1950,Germany,0,0
550,1950,Ireland,0,0
551,1950,France,0,16
552,1950,Netherlands,0,0
553,1950,Belgium,0,12
554,1950,Switzerland,1,1
555,1951,Denmark,0,0
556,1951,Slovenia,0,0
557,1951,Colombia,0,0
558,1951,United Kingdom,0,0
559,1951,Italy,0,5
560,1951,Australia,0,0
561,1951,Luxembourg,0,3
562,1951,Spain,0,0
563,1951,USA,0,0
564,1951,Germany,0,0
565,1951,Ireland,0,0
566,1951,France,0,16
567,1951,Netherlands,0,0
568,1951,Belgium,0,12
569,1951,Switzerland,1,2
570,1952,Denmark,0,0
571,1952,Slovenia,0,0
572,1952,Colombia,0,0
573,1952,United Kingdom,0,0
574,1952,Italy,1,6
575,1952,Australia,0,0
576,1952,Luxembourg,0,3
577,1952,Spain,0,0
578,1952,USA,0,0
579,1952,Germany,0,0
580,1952,Ireland,0,0
581,1952,France,0,16
582,1952,Netherlands,0,0
583,1952,Belgium,0,12
584,1952,Switzerland,0,2
585,1953,Denmark,0,0
586,1953,Slovenia,0,0
587,1953,Colombia,0,0
588,1953,United Kingdom,0,0
589,1953,Italy,0,6
590,1953,Australia,0,0
591,1953,Luxembourg,0,3
592,1953,Spain,0,0
593,1953,USA,0,0
594,1953,Germany,0,0
595,1953,Ireland,0,0
596,1953,France,1,17
597,1953,Netherlands,0,0
598,1953,Belgium,0,12
599,1953,Switzerland,0,2
600,1954,Denmark,0,0
601,1954,Slovenia,0,0
602,1954,Colombia,0,0
603,1954,United Kingdom,0,0
604,1954,Italy,0,6
605,1954,Australia,0,0
606,1954,Luxembourg,0,3
607,1954,Spain,0,0
608,1954,USA,0,0
609,1954,Germany,0,0
610,1954,Ireland,0,0
611,1954,France,1,18
612,1954,Netherlands,0,0
613,1954,Belgium,0,12
614,1954,Switzerland,0,2
615,1955,Denmark,0,0
616,1955,Slovenia,0,0
617,1955,Colombia,0,0
618,1955,United Kingdom,0,0
619,1955,Italy,0,6
620,1955,Australia,0,0
621,1955,Luxembourg,0,3
622,1955,Spain,0,0
623,1955,USA,0,0
624,1955,Germany,0,0
625,1955,Ireland,0,0
626,1955,France,1,19
627,1955,Netherlands,0,0
628,1955,Belgium,0,12
629,1955,Switzerland,0,2
630,1956,Denmark,0,0
631,1956,Slovenia,0,0
632,1956,Colombia,0,0
633,1956,United Kingdom,0,0
634,1956,Italy,0,6
635,1956,Australia,0,0
636,1956,Luxembourg,0,3
637,1956,Spain,0,0
638,1956,USA,0,0
639,1956,Germany,0,0
640,1956,Ireland,0,0
641,1956,France,1,20
642,1956,Netherlands,0,0
643,1956,Belgium,0,12
644,1956,Switzerland,0,2
645,1957,Denmark,0,0
646,1957,Slovenia,0,0
647,1957,Colombia,0,0
648,1957,United Kingdom,0,0
649,1957,Italy,0,6
650,1957,Australia,0,0
651,1957,Luxembourg,0,3
652,1957,Spain,0,0
653,1957,USA,0,0
654,1957,Germany,0,0
655,1957,Ireland,0,0
656,1957,France,1,21
657,1957,Netherlands,0,0
658,1957,Belgium,0,12
659,1957,Switzerland,0,2
660,1958,Denmark,0,0
661,1958,Slovenia,0,0
662,1958,Colombia,0,0
663,1958,United Kingdom,0,0
664,1958,Italy,0,6
665,1958,Australia,0,0
666,1958,Luxembourg,1,4
667,1958,Spain,0,0
668,1958,USA,0,0
669,1958,Germany,0,0
670,1958,Ireland,0,0
671,1958,France,0,21
672,1958,Netherlands,0,0
673,1958,Belgium,0,12
674,1958,Switzerland,0,2
675,1959,Denmark,0,0
676,1959,Slovenia,0,0
677,1959,Colombia,0,0
678,1959,United Kingdom,0,0
679,1959,Italy,0,6
680,1959,Australia,0,0
681,1959,Luxembourg,0,4
682,1959,Spain,1,1
683,1959,USA,0,0
684,1959,Germany,0,0
685,1959,Ireland,0,0
686,1959,France,0,21
687,1959,Netherlands,0,0
688,1959,Belgium,0,12
689,1959,Switzerland,0,2
690,1960,Denmark,0,0
691,1960,Slovenia,0,0
692,1960,Colombia,0,0
693,1960,United Kingdom,0,0
694,1960,Italy,1,7
695,1960,Australia,0,0
696,1960,Luxembourg,0,4
697,1960,Spain,0,1
698,1960,USA,0,0
699,1960,Germany,0,0
700,1960,Ireland,0,0
701,1960,France,0,21
702,1960,Netherlands,0,0
703,1960,Belgium,0,12
704,1960,Switzerland,0,2
705,1961,Denmark,0,0
706,1961,Slovenia,0,0
707,1961,Colombia,0,0
708,1961,United Kingdom,0,0
709,1961,Italy,0,7
710,1961,Australia,0,0
711,1961,Luxembourg,0,4
712,1961,Spain,0,1
713,1961,USA,0,0
714,1961,Germany,0,0
715,1961,Ireland,0,0
716,1961,France,1,22
717,1961,Netherlands,0,0
718,1961,Belgium,0,12
719,1961,Switzerland,0,2
720,1962,Denmark,0,0
721,1962,Slovenia,0,0
722,1962,Colombia,0,0
723,1962,United Kingdom,0,0
724,1962,Italy,0,7
725,1962,Australia,0,0
726,1962,Luxembourg,0,4
727,1962,Spain,0,1
728,1962,USA,0,0
729,1962,Germany,0,0
730,1962,Ireland,0,0
731,1962,France,1,23
732,1962,Netherlands,0,0
733,1962,Belgium,0,12
734,1962,Switzerland,0,2
735,1963,Denmark,0,0
736,1963,Slovenia,0,0
737,1963,Colombia,0,0
738,1963,United Kingdom,0,0
739,1963,Italy,0,7
740,1963,Australia,0,0
741,1963,Luxembourg,0,4
742,1963,Spain,0,1
743,1963,USA,0,0
744,1963,Germany,0,0
745,1963,Ireland,0,0
746,1963,France,1,24
747,1963,Netherlands,0,0
748,1963,Belgium,0,12
749,1963,Switzerland,0,2
750,1964,Denmark,0,0
751,1964,Slovenia,0,0
752,1964,Colombia,0,0
753,1964,United Kingdom,0,0
754,1964,Italy,0,7
755,1964,Australia,0,0
756,1964,Luxembourg,0,4
757,1964,Spain,0,1
758,1964,USA,0,0
759,1964,Germany,0,0
760,1964,Ireland,0,0
761,1964,France,1,25
762,1964,Netherlands,0,0
763,1964,Belgium,0,12
764,1964,Switzerland,0,2
765,1965,Denmark,0,0
766,1965,Slovenia,0,0
767,1965,Colombia,0,0
768,1965,United Kingdom,0,0
769,1965,Italy,1,8
770,1965,Australia,0,0
771,1965,Luxembourg,0,4
772,1965,Spain,0,1
773,1965,USA,0,0
774,1965,Germany,0,0
775,1965,Ireland,0,0
776,1965,France,0,25
777,1965,Netherlands,0,0
778,1965,Belgium,0,12
779,1965,Switzerland,0,2
780,1966,Denmark,0,0
781,1966,Slovenia,0,0
782,1966,Colombia,0,0
783,1966,United Kingdom,0,0
784,1966,Italy,0,8
785,1966,Australia,0,0
786,1966,Luxembourg,0,4
787,1966,Spain,0,1
788,1966,USA,0,0
789,1966,Germany,0,0
790,1966,Ireland,0,0
791,1966,France,1,26
792,1966,Netherlands,0,0
793,1966,Belgium,0,12
794,1966,Switzerland,0,2
795,1967,Denmark,0,0
796,1967,Slovenia,0,0
797,1967,Colombia,0,0
798,1967,United Kingdom,0,0
799,1967,Italy,0,8
800,1967,Australia,0,0
801,1967,Luxembourg,0,4
802,1967,Spain,0,1
803,1967,USA,0,0
804,1967,Germany,0,0
805,1967,Ireland,0,0
806,1967,France,1,27
807,1967,Netherlands,0,0
808,1967,Belgium,0,12
809,1967,Switzerland,0,2
810,1968,Denmark,0,0
811,1968,Slovenia,0,0
812,1968,Colombia,0,0
813,1968,United Kingdom,0,0
814,1968,Italy,0,8
815,1968,Australia,0,0
816,1968,Luxembourg,0,4
817,1968,Spain,0,1
818,1968,USA,0,0
819,1968,Germany,0,0
820,1968,Ireland,0,0
821,1968,France,0,27
822,1968,Netherlands,1,1
823,1968,Belgium,0,12
824,1968,Switzerland,0,2
825,1969,Denmark,0,0
826,1969,Slovenia,0,0
827,1969,Colombia,0,0
828,1969,United Kingdom,0,0
829,1969,Italy,0,8
830,1969,Australia,0,0
831,1969,Luxembourg,0,4
832,1969,Spain,0,1
833,1969,USA,0,0
834,1969,Germany,0,0
835,1969,Ireland,0,0
836,1969,France,0,27
837,1969,Netherlands,0,1
838,1969,Belgium,1,13
839,1969,Switzerland,0,2
840,1970,Denmark,0,0
841,1970,Slovenia,0,0
842,1970,Colombia,0,0
843,1970,United Kingdom,0,0
844,1970,Italy,0,8
845,1970,Australia,0,0
846,1970,Luxembourg,0,4
847,1970,Spain,0,1
848,1970,USA,0,0
849,1970,Germany,0,0
850,1970,Ireland,0,0
851,1970,France,0,27
852,1970,Netherlands,0,1
853,1970,Belgium,1,14
854,1970,Switzerland,0,2
855,1971,Denmark,0,0
856,1971,Slovenia,0,0
857,1971,Colombia,0,0
858,1971,United Kingdom,0,0
859,1971,Italy,0,8
860,1971,Australia,0,0
861,1971,Luxembourg,0,4
862,1971,Spain,0,1
863,1971,USA,0,0
864,1971,Germany,0,0
865,1971,Ireland,0,0
866,1971,France,0,27
867,1971,Netherlands,0,1
868,1971,Belgium,1,15
869,1971,Switzerland,0,2
870,1972,Denmark,0,0
871,1972,Slovenia,0,0
872,1972,Colombia,0,0
873,1972,United Kingdom,0,0
874,1972,Italy,0,8
875,1972,Australia,0,0
876,1972,Luxembourg,0,4
877,1972,Spain,0,1
878,1972,USA,0,0
879,1972,Germany,0,0
880,1972,Ireland,0,0
881,1972,France,0,27
882,1972,Netherlands,0,1
883,1972,Belgium,1,16
884,1972,Switzerland,0,2
885,1973,Denmark,0,0
886,1973,Slovenia,0,0
887,1973,Colombia,0,0
888,1973,United Kingdom,0,0
889,1973,Italy,0,8
890,1973,Australia,0,0
891,1973,Luxembourg,0,4
892,1973,Spain,1,2
893,1973,USA,0,0
894,1973,Germany,0,0
895,1973,Ireland,0,0
896,1973,France,0,27
897,1973,Netherlands,0,1
898,1973,Belgium,0,16
899,1973,Switzerland,0,2
900,1974,Denmark,0,0
901,1974,Slovenia,0,0
902,1974,Colombia,0,0
903,1974,United Kingdom,0,0
904,1974,Italy,0,8
905,1974,Australia,0,0
906,1974,Luxembourg,0,4
907,1974,Spain,0,2
908,1974,USA,0,0
909,1974,Germany,0,0
910,1974,Ireland,0,0
911,1974,France,0,27
912,1974,Netherlands,0,1
913,1974,Belgium,1,17
914,1974,Switzerland,0,2
915,1975,Denmark,0,0
916,1975,Slovenia,0,0
917,1975,Colombia,0,0
918,1975,United Kingdom,0,0
919,1975,Italy,0,8
920,1975,Australia,0,0
921,1975,Luxembourg,0,4
922,1975,Spain,0,2
923,1975,USA,0,0
924,1975,Germany,0,0
925,1975,Ireland,0,0
926,1975,France,1,28
927,1975,Netherlands,0,1
928,1975,Belgium,0,17
929,1975,Switzerland,0,2
930,1976,Denmark,0,0
931,1976,Slovenia,0,0
932,1976,Colombia,0,0
933,1976,United Kingdom,0,0
934,1976,Italy,0,8
935,1976,Australia,0,0
936,1976,Luxembourg,0,4
937,1976,Spain,0,2
938,1976,USA,0,0
939,1976,Germany,0,0
940,1976,Ireland,0,0
941,1976,France,0,28
942,1976,Netherlands,0,1
943,1976,Belgium,1,18
944,1976,Switzerland,0,2
945,1977,Denmark,0,0
946,1977,Slovenia,0,0
947,1977,Colombia,0,0
948,1977,United Kingdom,0,0
949,1977,Italy,0,8
950,1977,Australia,0,0
951,1977,Luxembourg,0,4
952,1977,Spain,0,2
953,1977,USA,0,0
954,1977,Germany,0,0
955,1977,Ireland,0,0
956,1977,France,1,29
957,1977,Netherlands,0,1
958,1977,Belgium,0,18
959,1977,Switzerland,0,2
960,1978,Denmark,0,0
961,1978,Slovenia,0,0
962,1978,Colombia,0,0
963,1978,United Kingdom,0,0
964,1978,Italy,0,8
965,1978,Australia,0,0
966,1978,Luxembourg,0,4
967,1978,Spain,0,2
968,1978,USA,0,0
969,1978,Germany,0,0
970,1978,Ireland,0,0
971,1978,France,1,30
972,1978,Netherlands,0,1
973,1978,Belgium,0,18
974,1978,Switzerland,0,2
975,1979,Denmark,0,0
976,1979,Slovenia,0,0
977,1979,Colombia,0,0
978,1979,United Kingdom,0,0
979,1979,Italy,0,8
980,1979,Australia,0,0
981,1979,Luxembourg,0,4
982,1979,Spain,0,2
983,1979,USA,0,0
984,1979,Germany,0,0
985,1979,Ireland,0,0
986,1979,France,1,31
987,1979,Netherlands,0,1
988,1979,Belgium,0,18
989,1979,Switzerland,0,2
990,1980,Denmark,0,0
991,1980,Slovenia,0,0
992,1980,Colombia,0,0
993,1980,United Kingdom,0,0
994,1980,Italy,0,8
995,1980,Australia,0,0
996,1980,Luxembourg,0,4
997,1980,Spain,0,2
998,1980,USA,0,0
999,1980,Germany,0,0
1000,1980,Ireland,0,0
1001,1980,France,0,31
1002,1980,Netherlands,1,2
1003,1980,Belgium,0,18
1004,1980,Switzerland,0,2
1005,1981,Denmark,0,0
1006,1981,Slovenia,0,0
1007,1981,Colombia,0,0
1008,1981,United Kingdom,0,0
1009,1981,Italy,0,8
1010,1981,Australia,0,0
1011,1981,Luxembourg,0,4
1012,1981,Spain,0,2
1013,1981,USA,0,0
1014,1981,Germany,0,0
1015,1981,Ireland,0,0
1016,1981,France,1,32
1017,1981,Netherlands,0,2
1018,1981,Belgium,0,18
1019,1981,Switzerland,0,2
1020,1982,Denmark,0,0
1021,1982,Slovenia,0,0
1022,1982,Colombia,0,0
1023,1982,United Kingdom,0,0
1024,1982,Italy,0,8
1025,1982,Australia,0,0
1026,1982,Luxembourg,0,4
1027,1982,Spain,0,2
1028,1982,USA,0,0
1029,1982,Germany,0,0
1030,1982,Ireland,0,0
1031,1982,France,1,33
1032,1982,Netherlands,0,2
1033,1982,Belgium,0,18
1034,1982,Switzerland,0,2
1035,1983,Denmark,0,0
1036,1983,Slovenia,0,0
1037,1983,Colombia,0,0
1038,1983,United Kingdom,0,0
1039,1983,Italy,0,8
1040,1983,Australia,0,0
1041,1983,Luxembourg,0,4
1042,1983,Spain,0,2
1043,1983,USA,0,0
1044,1983,Germany,0,0
1045,1983,Ireland,0,0
1046,1983,France,1,34
1047,1983,Netherlands,0,2
1048,1983,Belgium,0,18
1049,1983,Switzerland,0,2
1050,1984,Denmark,0,0
1051,1984,Slovenia,0,0
1052,1984,Colombia,0,0
1053,1984,United Kingdom,0,0
1054,1984,Italy,0,8
1055,1984,Australia,0,0
1056,1984,Luxembourg,0,4
1057,1984,Spain,0,2
1058,1984,USA,0,0
1059,1984,Germany,0,0
1060,1984,Ireland,0,0
1061,1984,France,1,35
1062,1984,Netherlands,0,2
1063,1984,Belgium,0,18
1064,1984,Switzerland,0,2
1065,1985,Denmark,0,0
1066,1985,Slovenia,0,0
1067,1985,Colombia,0,0
1068,1985,United Kingdom,0,0
1069,1985,Italy,0,8
1070,1985,Australia,0,0
1071,1985,Luxembourg,0,4
1072,1985,Spain,0,2
1073,1985,USA,0,0
1074,1985,Germany,0,0
1075,1985,Ireland,0,0
1076,1985,France,1,36
1077,1985,Netherlands,0,2
1078,1985,Belgium,0,18
1079,1985,Switzerland,0,2
1080,1986,Denmark,0,0
1081,1986,Slovenia,0,0
1082,1986,Colombia,0,0
1083,1986,United Kingdom,0,0
1084,1986,Italy,0,8
1085,1986,Australia,0,0
1086,1986,Luxembourg,0,4
1087,1986,Spain,0,2
1088,1986,USA,1,1
1089,1986,Germany,0,0
1090,1986,Ireland,0,0
1091,1986,France,0,36
1092,1986,Netherlands,0,2
1093,1986,Belgium,0,18
1094,1986,Switzerland,0,2
1095,1987,Denmark,0,0
1096,1987,Slovenia,0,0
1097,1987,Colombia,0,0
1098,1987,United Kingdom,0,0
1099,1987,Italy,0,8
1100,1987,Australia,0,0
1101,1987,Luxembourg,0,4
1102,1987,Spain,0,2
1103,1987,USA,0,1
1104,1987,Germany,0,0
1105,1987,Ireland,1,1
1106,1987,France,0,36
1107,1987,Netherlands,0,2
1108,1987,Belgium,0,18
1109,1987,Switzerland,0,2
1110,1988,Denmark,0,0
1111,1988,Slovenia,0,0
1112,1988,Colombia,0,0
1113,1988,United Kingdom,0,0
1114,1988,Italy,0,8
1115,1988,Australia,0,0
1116,1988,Luxembourg,0,4
1117,1988,Spain,1,3
1118,1988,USA,0,1
1119,1988,Germany,0,0
1120,1988,Ireland,0,1
1121,1988,France,0,36
1122,1988,Netherlands,0,2
1123,1988,Belgium,0,18
1124,1988,Switzerland,0,2
1125,1989,Denmark,0,0
1126,1989,Slovenia,0,0
1127,1989,Colombia,0,0
1128,1989,United Kingdom,0,0
1129,1989,Italy,0,8
1130,1989,Australia,0,0
1131,1989,Luxembourg,0,4
1132,1989,Spain,0,3
1133,1989,USA,1,2
1134,1989,Germany,0,0
1135,1989,Ireland,0,1
1136,1989,France,0,36
1137,1989,Netherlands,0,2
1138,1989,Belgium,0,18
1139,1989,Switzerland,0,2
1140,1990,Denmark,0,0
1141,1990,Slovenia,0,0
1142,1990,Colombia,0,0
1143,1990,United Kingdom,0,0
1144,1990,Italy,0,8
1145,1990,Australia,0,0
1146,1990,Luxembourg,0,4
1147,1990,Spain,0,3
1148,1990,USA,1,3
1149,1990,Germany,0,0
1150,1990,Ireland,0,1
1151,1990,France,0,36
1152,1990,Netherlands,0,2
1153,1990,Belgium,0,18
1154,1990,Switzerland,0,2
1155,1991,Denmark,0,0
1156,1991,Slovenia,0,0
1157,1991,Colombia,0,0
1158,1991,United Kingdom,0,0
1159,1991,Italy,0,8
1160,1991,Australia,0,0
1161,1991,Luxembourg,0,4
1162,1991,Spain,1,4
1163,1991,USA,0,3
1164,1991,Germany,0,0
1165,1991,Ireland,0,1
1166,1991,France,0,36
1167,1991,Netherlands,0,2
1168,1991,Belgium,0,18
1169,1991,Switzerland,0,2
1170,1992,Denmark,0,0
1171,1992,Slovenia,0,0
1172,1992,Colombia,0,0
1173,1992,United Kingdom,0,0
1174,1992,Italy,0,8
1175,1992,Australia,0,0
1176,1992,Luxembourg,0,4
1177,1992,Spain,1,5
1178,1992,USA,0,3
1179,1992,Germany,0,0
1180,1992,Ireland,0,1
1181,1992,France,0,36
1182,1992,Netherlands,0,2
1183,1992,Belgium,0,18
1184,1992,Switzerland,0,2
1185,1993,Denmark,0,0
1186,1993,Slovenia,0,0
1187,1993,Colombia,0,0
1188,1993,United Kingdom,0,0
1189,1993,Italy,0,8
1190,1993,Australia,0,0
1191,1993,Luxembourg,0,4
1192,1993,Spain,1,6
1193,1993,USA,0,3
1194,1993,Germany,0,0
1195,1993,Ireland,0,1
1196,1993,France,0,36
1197,1993,Netherlands,0,2
1198,1993,Belgium,0,18
1199,1993,Switzerland,0,2
1200,1994,Denmark,0,0
1201,1994,Slovenia,0,0
1202,1994,Colombia,0,0
1203,1994,United Kingdom,0,0
1204,1994,Italy,0,8
1205,1994,Australia,0,0
1206,1994,Luxembourg,0,4
1207,1994,Spain,1,7
1208,1994,USA,0,3
1209,1994,Germany,0,0
1210,1994,Ireland,0,1
1211,1994,France,0,36
1212,1994,Netherlands,0,2
1213,1994,Belgium,0,18
1214,1994,Switzerland,0,2
1215,1995,Denmark,0,0
1216,1995,Slovenia,0,0
1217,1995,Colombia,0,0
1218,1995,United Kingdom,0,0
1219,1995,Italy,0,8
1220,1995,Australia,0,0
1221,1995,Luxembourg,0,4
1222,1995,Spain,1,8
1223,1995,USA,0,3
1224,1995,Germany,0,0
1225,1995,Ireland,0,1
1226,1995,France,0,36
1227,1995,Netherlands,0,2
1228,1995,Belgium,0,18
1229,1995,Switzerland,0,2
1230,1996,Denmark,1,1
1231,1996,Slovenia,0,0
1232,1996,Colombia,0,0
1233,1996,United Kingdom,0,0
1234,1996,Italy,0,8
1235,1996,Australia,0,0
1236,1996,Luxembourg,0,4
1237,1996,Spain,0,8
1238,1996,USA,0,3
1239,1996,Germany,0,0
1240,1996,Ireland,0,1
1241,1996,France,0,36
1242,1996,Netherlands,0,2
1243,1996,Belgium,0,18
1244,1996,Switzerland,0,2
1245,1997,Denmark,0,1
1246,1997,Slovenia,0,0
1247,1997,Colombia,0,0
1248,1997,United Kingdom,0,0
1249,1997,Italy,0,8
1250,1997,Australia,0,0
1251,1997,Luxembourg,0,4
1252,1997,Spain,0,8
1253,1997,USA,0,3
1254,1997,Germany,1,1
1255,1997,Ireland,0,1
1256,1997,France,0,36
1257,1997,Netherlands,0,2
1258,1997,Belgium,0,18
1259,1997,Switzerland,0,2
1260,1998,Denmark,0,1
1261,1998,Slovenia,0,0
1262,1998,Colombia,0,0
1263,1998,United Kingdom,0,0
1264,1998,Italy,1,9
1265,1998,Australia,0,0
1266,1998,Luxembourg,0,4
1267,1998,Spain,0,8
1268,1998,USA,0,3
1269,1998,Germany,0,1
1270,1998,Ireland,0,1
1271,1998,France,0,36
1272,1998,Netherlands,0,2
1273,1998,Belgium,0,18
1274,1998,Switzerland,0,2
1275,1999,Denmark,0,1
1276,1999,Slovenia,0,0
1277,1999,Colombia,0,0
1278,1999,United Kingdom,0,0
1279,1999,Italy,0,9
1280,1999,Australia,0,0
1281,1999,Luxembourg,0,4
1282,1999,Spain,0,8
1283,1999,USA,1,4
1284,1999,Germany,0,1
1285,1999,Ireland,0,1
1286,1999,France,0,36
1287,1999,Netherlands,0,2
1288,1999,Belgium,0,18
1289,1999,Switzerland,0,2
1290,2000,Denmark,0,1
1291,2000,Slovenia,0,0
1292,2000,Colombia,0,0
1293,2000,United Kingdom,0,0
1294,2000,Italy,0,9
1295,2000,Australia,0,0
1296,2000,Luxembourg,0,4
1297,2000,Spain,0,8
1298,2000,USA,1,5
1299,2000,Germany,0,1
1300,2000,Ireland,0,1
1301,2000,France,0,36
1302,2000,Netherlands,0,2
1303,2000,Belgium,0,18
1304,2000,Switzerland,0,2
1305,2001,Denmark,0,1
1306,2001,Slovenia,0,0
1307,2001,Colombia,0,0
1308,2001,United Kingdom,0,0
1309,2001,Italy,0,9
1310,2001,Australia,0,0
1311,2001,Luxembourg,0,4
1312,2001,Spain,0,8
1313,2001,USA,1,6
1314,2001,Germany,0,1
1315,2001,Ireland,0,1
1316,2001,France,0,36
1317,2001,Netherlands,0,2
1318,2001,Belgium,0,18
1319,2001,Switzerland,0,2
1320,2002,Denmark,0,1
1321,2002,Slovenia,0,0
1322,2002,Colombia,0,0
1323,2002,United Kingdom,0,0
1324,2002,Italy,0,9
1325,2002,Australia,0,0
1326,2002,Luxembourg,0,4
1327,2002,Spain,0,8
1328,2002,USA,1,7
1329,2002,Germany,0,1
1330,2002,Ireland,0,1
1331,2002,France,0,36
1332,2002,Netherlands,0,2
1333,2002,Belgium,0,18
1334,2002,Switzerland,0,2
1335,2003,Denmark,0,1
1336,2003,Slovenia,0,0
1337,2003,Colombia,0,0
1338,2003,United Kingdom,0,0
1339,2003,Italy,0,9
1340,2003,Australia,0,0
1341,2003,Luxembourg,0,4
1342,2003,Spain,0,8
1343,2003,USA,1,8
1344,2003,Germany,0,1
1345,2003,Ireland,0,1
1346,2003,France,0,36
1347,2003,Netherlands,0,2
1348,2003,Belgium,0,18
1349,2003,Switzerland,0,2
1350,2004,Denmark,0,1
1351,2004,Slovenia,0,0
1352,2004,Colombia,0,0
1353,2004,United Kingdom,0,0
1354,2004,Italy,0,9
1355,2004,Australia,0,0
1356,2004,Luxembourg,0,4
1357,2004,Spain,0,8
1358,2004,USA,1,9
1359,2004,Germany,0,1
1360,2004,Ireland,0,1
1361,2004,France,0,36
1362,2004,Netherlands,0,2
1363,2004,Belgium,0,18
1364,2004,Switzerland,0,2
1365,2005,Denmark,0,1
1366,2005,Slovenia,0,0
1367,2005,Colombia,0,0
1368,2005,United Kingdom,0,0
1369,2005,Italy,0,9
1370,2005,Australia,0,0
1371,2005,Luxembourg,0,4
1372,2005,Spain,0,8
1373,2005,USA,1,10
1374,2005,Germany,0,1
1375,2005,Ireland,0,1
1376,2005,France,0,36
1377,2005,Netherlands,0,2
1378,2005,Belgium,0,18
1379,2005,Switzerland,0,2
1380,2006,Denmark,0,1
1381,2006,Slovenia,0,0
1382,2006,Colombia,0,0
1383,2006,United Kingdom,0,0
1384,2006,Italy,0,9
1385,2006,Australia,0,0
1386,2006,Luxembourg,0,4
1387,2006,Spain,1,9
1388,2006,USA,0,10
1389,2006,Germany,0,1
1390,2006,Ireland,0,1
1391,2006,France,0,36
1392,2006,Netherlands,0,2
1393,2006,Belgium,0,18
1394,2006,Switzerland,0,2
1395,2007,Denmark,0,1
1396,2007,Slovenia,0,0
1397,2007,Colombia,0,0
1398,2007,United Kingdom,0,0
1399,2007,Italy,0,9
1400,2007,Australia,0,0
1401,2007,Luxembourg,0,4
1402,2007,Spain,1,10
1403,2007,USA,0,10
1404,2007,Germany,0,1
1405,2007,Ireland,0,1
1406,2007,France,0,36
1407,2007,Netherlands,0,2
1408,2007,Belgium,0,18
1409,2007,Switzerland,0,2
1410,2008,Denmark,0,1
1411,2008,Slovenia,0,0
1412,2008,Colombia,0,0
1413,2008,United Kingdom,0,0
1414,2008,Italy,0,9
1415,2008,Australia,0,0
1416,2008,Luxembourg,0,4
1417,2008,Spain,1,11
1418,2008,USA,0,10
1419,2008,Germany,0,1
1420,2008,Ireland,0,1
1421,2008,France,0,36
1422,2008,Netherlands,0,2
1423,2008,Belgium,0,18
1424,2008,Switzerland,0,2
1425,2009,Denmark,0,1
1426,2009,Slovenia,0,0
1427,2009,Colombia,0,0
1428,2009,United Kingdom,0,0
1429,2009,Italy,0,9
1430,2009,Australia,0,0
1431,2009,Luxembourg,0,4
1432,2009,Spain,1,12
1433,2009,USA,0,10
1434,2009,Germany,0,1
1435,2009,Ireland,0,1
1436,2009,France,0,36
1437,2009,Netherlands,0,2
1438,2009,Belgium,0,18
1439,2009,Switzerland,0,2
1440,2010,Denmark,0,1
1441,2010,Slovenia,0,0
1442,2010,Colombia,0,0
1443,2010,United Kingdom,0,0
1444,2010,Italy,0,9
1445,2010,Australia,0,0
1446,2010,Luxembourg,1,5
1447,2010,Spain,0,12
1448,2010,USA,0,10
1449,2010,Germany,0,1
1450,2010,Ireland,0,1
1451,2010,France,0,36
1452,2010,Netherlands,0,2
1453,2010,Belgium,0,18
1454,2010,Switzerland,0,2
1455,2011,Denmark,0,1
1456,2011,Slovenia,0,0
1457,2011,Colombia,0,0
1458,2011,United Kingdom,0,0
1459,2011,Italy,0,9
1460,2011,Australia,1,1
1461,2011,Luxembourg,0,5
1462,2011,Spain,0,12
1463,2011,USA,0,10
1464,2011,Germany,0,1
1465,2011,Ireland,0,1
1466,2011,France,0,36
1467,2011,Netherlands,0,2
1468,2011,Belgium,0,18
1469,2011,Switzerland,0,2
1470,2012,Denmark,0,1
1471,2012,Slovenia,0,0
1472,2012,Colombia,0,0
1473,2012,United Kingdom,1,1
1474,2012,Italy,0,9
1475,2012,Australia,0,1
1476,2012,Luxembourg,0,5
1477,2012,Spain,0,12
1478,2012,USA,0,10
1479,2012,Germany,0,1
1480,2012,Ireland,0,1
1481,2012,France,0,36
1482,2012,Netherlands,0,2
1483,2012,Belgium,0,18
1484,2012,Switzerland,0,2
1485,2013,Denmark,0,1
1486,2013,Slovenia,0,0
1487,2013,Colombia,0,0
1488,2013,United Kingdom,1,2
1489,2013,Italy,0,9
1490,2013,Australia,0,1
1491,2013,Luxembourg,0,5
1492,2013,Spain,0,12
1493,2013,USA,0,10
1494,2013,Germany,0,1
1495,2013,Ireland,0,1
1496,2013,France,0,36
1497,2013,Netherlands,0,2
1498,2013,Belgium,0,18
1499,2013,Switzerland,0,2
1500,2014,Denmark,0,1
1501,2014,Slovenia,0,0
1502,2014,Colombia,0,0
1503,2014,United Kingdom,0,2
1504,2014,Italy,1,10
1505,2014,Australia,0,1
1506,2014,Luxembourg,0,5
1507,2014,Spain,0,12
1508,2014,USA,0,10
1509,2014,Germany,0,1
1510,2014,Ireland,0,1
1511,2014,France,0,36
1512,2014,Netherlands,0,2
1513,2014,Belgium,0,18
1514,2014,Switzerland,0,2
1515,2015,Denmark,0,1
1516,2015,Slovenia,0,0
1517,2015,Colombia,0,0
1518,2015,United Kingdom,1,3
1519,2015,Italy,0,10
1520,2015,Australia,0,1
1521,2015,Luxembourg,0,5
1522,2015,Spain,0,12
1523,2015,USA,0,10
1524,2015,Germany,0,1
1525,2015,Ireland,0,1
1526,2015,France,0,36
1527,2015,Netherlands,0,2
1528,2015,Belgium,0,18
1529,2015,Switzerland,0,2
1530,2016,Denmark,0,1
1531,2016,Slovenia,0,0
1532,2016,Colombia,0,0
1533,2016,United Kingdom,1,4
1534,2016,Italy,0,10
1535,2016,Australia,0,1
1536,2016,Luxembourg,0,5
1537,2016,Spain,0,12
1538,2016,USA,0,10
1539,2016,Germany,0,1
1540,2016,Ireland,0,1
1541,2016,France,0,36
1542,2016,Netherlands,0,2
1543,2016,Belgium,0,18
1544,2016,Switzerland,0,2
1545,2017,Denmark,0,1
1546,2017,Slovenia,0,0
1547,2017,Colombia,0,0
1548,2017,United Kingdom,1,5
1549,2017,Italy,0,10
1550,2017,Australia,0,1
1551,2017,Luxembourg,0,5
1552,2017,Spain,0,12
1553,2017,USA,0,10
1554,2017,Germany,0,1
1555,2017,Ireland,0,1
1556,2017,France,0,36
1557,2017,Netherlands,0,2
1558,2017,Belgium,0,18
1559,2017,Switzerland,0,2
1560,2018,Denmark,0,1
1561,2018,Slovenia,0,0
1562,2018,Colombia,0,0
1563,2018,United Kingdom,1,6
1564,2018,Italy,0,10
1565,2018,Australia,0,1
1566,2018,Luxembourg,0,5
1567,2018,Spain,0,12
1568,2018,USA,0,10
1569,2018,Germany,0,1
1570,2018,Ireland,0,1
1571,2018,France,0,36
1572,2018,Netherlands,0,2
1573,2018,Belgium,0,18
1574,2018,Switzerland,0,2
1575,2019,Denmark,0,1
1576,2019,Slovenia,0,0
1577,2019,Colombia,1,1
1578,2019,United Kingdom,0,6
1579,2019,Italy,0,10
1580,2019,Australia,0,1
1581,2019,Luxembourg,0,5
1582,2019,Spain,0,12
1583,2019,USA,0,10
1584,2019,Germany,0,1
1585,2019,Ireland,0,1
1586,2019,France,0,36
1587,2019,Netherlands,0,2
1588,2019,Belgium,0,18
1589,2019,Switzerland,0,2
1590,2020,Denmark,0,1
1591,2020,Slovenia,1,1
1592,2020,Colombia,0,1
1593,2020,United Kingdom,0,6
1594,2020,Italy,0,10
1595,2020,Australia,0,1
1596,2020,Luxembourg,0,5
1597,2020,Spain,0,12
1598,2020,USA,0,10
1599,2020,Germany,0,1
1600,2020,Ireland,0,1
1601,2020,France,0,36
1602,2020,Netherlands,0,2
1603,2020,Belgium,0,18
1604,2020,Switzerland,0,2
1605,2021,Denmark,0,1
1606,2021,Slovenia,1,2
1607,2021,Colombia,0,1
1608,2021,United Kingdom,0,6
1609,2021,Italy,0,10
1610,2021,Australia,0,1
1611,2021,Luxembourg,0,5
1612,2021,Spain,0,12
1613,2021,USA,0,10
1614,2021,Germany,0,1
1615,2021,Ireland,0,1
1616,2021,France,0,36
1617,2021,Netherlands,0,2
1618,2021,Belgium,0,18
1619,2021,Switzerland,0,2
1620,2022,Denmark,1,2
1621,2022,Slovenia,0,2
1622,2022,Colombia,0,1
1623,2022,United Kingdom,0,6
1624,2022,Italy,0,10
1625,2022,Australia,0,1
1626,2022,Luxembourg,0,5
1627,2022,Spain,0,12
1628,2022,USA,0,10
1629,2022,Germany,0,1
1630,2022,Ireland,0,1
1631,2022,France,0,36
1632,2022,Netherlands,0,2
1633,2022,Belgium,0,18
1634,2022,Switzerland,0,2
1635,2023,Denmark,1,3
1636,2023,Slovenia,0,2
1637,2023,Colombia,0,1
1638,2023,United Kingdom,0,6
1639,2023,Italy,0,10
1640,2023,Australia,0,1
1641,2023,Luxembourg,0,5
1642,2023,Spain,0,12
1643,2023,USA,0,10
1644,2023,Germany,0,1
1645,2023,Ireland,0,1
1646,2023,France,0,36
1647,2023,Netherlands,0,2
1648,2023,Belgium,0,18
1649,2023,Switzerland,0,2
